StringR,DoubleC,intC,longFrom,doubleFrom,floatFrom,StringFrom,DoubleTo,LongTo,IntegerTo,IntegerR
palace,395.712126311083,802,84702,-33992.104507963886,4747.46441482415,other,-74393.93928953575,-98812,-55417,11972
structure,-508.48863590997735,764,55604,40270.32583197235,29227.360726964544,parent,52949.69989644614,-40465,-61609,66750
glad,-548.9650885955182,-175,-57943,-24801.011428881422,-89670.92478712488,lovely,9852.583419282819,86961,-89167,46701
fruit,-995.0388630874058,660,-98065,-3114.9728251170745,-4768.731762813855,proud,35440.686351059645,-56850,-37636,33049
flow,302.81637068107284,22,-49157,48119.95270692732,46207.84825018654,tail,72879.5770255739,60995,46519,81731
broad,612.5433649457896,-8,-94385,-4760.633036058047,60398.59841011866,find,98919.52383139433,-37265,-36120,67701
grandmother,0.5061575289042821,-422,59512,-76648.82371341134,30796.36380393109,hurt,-42818.485291717836,96254,-63009,37842
author,-95.5986549077594,-575,63766,37473.83248202628,-43049.25593721685,load,48266.98089248175,-42450,-72360,48400
teach,-887.975821249197,-288,94380,-57208.98044485081,-90544.77375393297,underline,4718.4302500752965,6009,34634,9411
funny,-150.121944210788,-89,46502,51453.82472788179,-47131.233320941756,machinery,47572.13171604092,94977,12596,16359
neighborhood,583.2680444495202,-918,-30166,-13614.041482731773,-93432.05244700286,tales,-39559.20639797756,-36082,-2040,7351
found,-497.45980388177406,-781,14258,-30544.163122654238,-44904.726957586405,shells,28333.344156819672,4139,15721,34486
cow,-290.6230223269255,557,15915,21581.34394739823,-84673.22656859344,though,-80963.20902203317,-23822,62252,66126
musical,-84.37060815187442,338,-69261,-12270.271429446118,26726.603310372157,complex,-80769.57708329098,-67605,71725,98933
discovery,71.53684436902199,414,-73567,-47071.74438604096,-66808.32394392502,effort,96616.23120555823,34710,-5719,21167
to,507.8526853639012,-49,72159,-11755.354035805809,-88501.63091222604,courage,-39608.749334382206,17642,-3440,55181
every,-635.5991221071638,133,95885,-1749.4078943547647,73832.37175846819,fruit,-60567.254054266974,-54861,-20438,61188
dry,214.91457040560817,-709,63592,99556.456572436,6076.818498011315,find,63657.87996393454,-98460,13595,59155
musical,600.2040262349519,-823,28082,7698.558586063606,2121.557972992843,mouth,80722.55141456917,55895,-30452,40461
eventually,538.8170284868127,203,39562,5929.429340521005,87026.01732265556,pupil,96259.33410520913,55839,-69378,58979
hope,567.9776986082866,199,-41765,73716.3953612858,-52544.851841149124,scene,40020.96103046276,4863,-67848,12117
doubt,-821.7759001813852,649,89298,76342.98428917804,-61028.176254831546,settlers,-85830.7825288642,55847,24206,1889
muscle,-452.839363146682,-65,-43059,-92886.4647024783,86205.23826711666,notice,-62529.905430567225,-57172,-32831,7709
onto,-747.5616178604699,565,-45483,65865.72425289752,93908.58382979105,practice,-93006.64843878972,-4182,-85761,37821
introduced,-624.6584544074483,414,43670,-53619.86568218993,-27273.930800795584,why,39420.76975615203,-49985,33070,67879
doubt,-886.032467989266,-764,-84335,64604.948410058976,72476.2182428436,apart,86147.1440507086,-26245,-41187,10078
hunt,110.98556134942078,263,-85002,-7342.449956231605,1853.0362630820891,dropped,37309.90855915827,-88550,-31590,37619
handsome,-559.2221030095998,-411,5421,-84911.52699298525,12537.740853686177,weather,81950.264105979,50079,-84845,42185
purple,-747.3271327587382,237,24786,-80231.88360002615,52146.53426842281,possible,24510.90563083242,25428,-37969,80858
science,29.105799406991764,263,-7810,-40783.02724754548,54099.597638781706,willinghigh,6703.87721287497,-20710,30772,51871
friend,245.83150528239412,-866,-46673,79127.33763959847,79343.79324510074,please,-136.31115323225094,68510,36069,3743
broad,-520.3432134150094,34,-58155,82336.89648079575,-4284.370085731527,practice,33870.27218046307,-89719,29390,93708
courage,45.12831530519293,48,-83561,-68827.52424423303,-81205.59443014965,practice,44635.89429555673,89100,-56415,87503
needle,443.3431992121416,586,-80616,81636.89556132266,27978.208848428985,discuss,45546.95228444482,47676,-17117,42888
report,153.23479140349446,-945,-77204,54198.82320350566,-83591.13636514818,uncle,-33620.153299714264,-31837,-64534,48252
frozen,365.1324530532688,352,89994,98016.1865625258,-44946.42257052939,necessary,68479.14201352609,-49325,13335,72798
load,-589.8468976053898,-396,-4653,30081.569983604757,62975.24564446637,occasionally,91969.47616835812,-40199,65932,37550
paragraph,-51.04711277147442,-276,-6320,60951.06521861756,-83443.7156287833,lessonrock,1791.760935452563,-70082,-86683,77780
built,-8.869311879410475,448,-22043,35149.14072988523,54052.612591469515,excitement,-88862.07665907187,70902,-55533,49417
exercise,68.35949179270096,-874,86134,39898.725121747644,-68944.01874058438,bottle,43120.850637091906,-43767,39070,966
thee,-521.9556449806138,-769,49551,35275.67183597252,90461.06725007083,warn,27355.797463651266,-44688,39059,64601
week,5.784577959865828,594,68870,33823.60607423002,36397.52707418412,belong,-48542.33362412694,26652,-97879,95351
tape,5.097860860066817,-794,-94999,77047.61189319874,12131.41882910351,tobacco,65674.558116486,-35536,-53804,73723
early,218.07648749136797,-852,5775,32364.072193669912,96235.02921883445,find,83732.00938148439,45712,14923,21367
fierce,-54.84021259719657,-660,-47543,-38758.98253366556,-86161.43087827881,porch,31017.31196182556,39151,46169,54782
fearworker,166.17187771892986,-72,61207,-74440.5401602437,-55480.88495011678,level,-71838.77283900484,92063,-29571,97910
article,-651.3061777389503,-510,79239,-41715.27688498773,-40870.1075628912,closer,-57197.66462963116,33099,62185,25268
week,-353.3653209441404,455,-17080,33945.28963547718,-34427.191284922024,structure,64832.921107804636,-92841,-6640,55586
plates,-844.3523303447324,785,95907,-21855.97152283101,86179.25698275739,bag,-15298.4354198769,-3400,77222,51438
could,-943.9399240011659,-156,-22302,-54556.04862540952,43204.68598481719,bound,85598.20467714305,80742,-11238,31556
frequently,-586.5891378719842,-400,-39923,94970.84389275796,-48202.30580471994,town,-13225.89603401367,72839,-42572,25217
threw,-60.28706018813614,226,-63310,-73177.88524287441,-26561.033667628537,automobile,87264.78090398473,-23503,2051,35781
degree,-505.3898081453395,580,-4285,64448.01179322618,41720.96746187299,eager,76150.72698147045,-34111,30698,61001
combine,-38.84757481710267,-154,-45224,-66325.65348457132,29330.263698277602,cow,39528.951336489845,-11475,65202,12153
beyond,-791.515444553848,902,-14049,3895.895017901843,79294.10868753018,image,-74921.73857718153,-13167,-84830,56915
white,242.0739021484285,419,98873,64356.847514636785,-25343.77600262023,sat,44176.151359721815,-48161,-11573,49795
dream,327.2401334090507,-449,31115,92177.00867622212,-59040.040212960346,piecemean,37051.46030421264,64120,17782,2121
spread,-178.69884247503035,67,44348,72923.86887693379,37533.57912920561,wheat,98064.22838923443,-16590,-43633,4677
pound,-143.09199770077282,-861,22887,95406.05544917018,-5771.513801859401,grade,-30773.179807954715,-57542,-1464,92424
curve,-85.42044826331357,43,-84425,20989.649689604455,-39635.4799998879,plannedarrangement,-6935.310590233072,75628,29501,24802
pretty,-25.536973097899818,498,-93412,45288.71945176137,-22313.399091288593,bound,99336.18873439546,2418,-77644,87296
town,-823.4318124611526,-567,-1111,-40290.979339352416,84082.7796793381,cut,-56239.90222213691,-15236,-41060,74982
dig,-882.3187377682683,-733,-52394,-4261.257053640729,-14898.045070697612,factory,82735.98183584429,-9893,-38455,74878
flies,-398.29254494469103,-796,-69738,79876.33442234827,48588.94946940348,other,-2147.238755843282,87488,60698,1693
lovely,486.29620594450375,-162,94554,-68458.84826091073,-45177.97837753439,belong,26449.428442731412,30158,25523,1709
pretty,-272.16624518220976,-984,54830,-80621.54370159382,-36110.29917718227,actual,-43812.12173843001,-2723,-87765,51061
ordinary,262.9555323672264,102,49868,-46018.07198842993,56948.59531025239,dream,-64921.34611751335,28486,77566,95398
wing,201.05422609112816,567,92101,19721.864572586026,-15244.86935793527,earlier,-3678.0411600423977,-25390,-85719,24188
street,-369.71654369856776,648,43173,-74988.34019268416,85199.42671575671,certain,48919.41306589954,9834,782,82016
three,452.4219850476495,438,-43962,42916.418848693225,-24661.138548347022,writing,42311.360824104486,-32654,64320,11336
being,376.3167194842515,633,-56144,-74421.90168976599,-35240.02914156852,bow,-11316.50544625205,45128,-96976,83732
discover,-271.75100814630014,49,85711,-87070.28378314586,84370.51187120948,stone,-29274.94712767715,1349,66278,74793
larger,-576.2368059206311,-817,-24761,83231.98006781703,-5134.924405417012,dry,-32680.576125136722,-69263,58550,32891
west,-233.3494689980755,-53,26543,65320.86480979866,-63095.59963995657,rice,-85700.81402973377,5614,-62541,45424
cast,207.3022939344046,-778,25067,-87179.77265680268,-65148.34736263335,men,80758.87304700207,-14843,89968,73926
load,424.9819441077866,809,93336,31676.229505954136,-60162.9404809962,finger,76255.97878588593,70450,-12256,76202
dish,366.21410654221927,543,20500,74591.0992271223,23332.90848625191,pleasant,39538.67990678127,-47669,-28853,26732
structure,-405.5538322696225,513,-68035,-50827.57041250299,-182.91876701483852,silver,36399.038187207276,-6725,43402,87405
dish,-29.302908681614554,-643,-32718,-40345.65923226261,-84720.49074387697,proud,1850.00515426528,-6289,-25110,22413
nor,388.4602455737779,569,1822,40496.614645361755,-55100.43722415514,generally,58434.895078698435,-19909,-31180,67291
under,-434.89437194134746,71,81067,-64185.50111966346,50808.018523418694,spoken,68714.91521235765,-83173,-97728,42279
pleasant,-368.18021818805687,-722,-4243,41388.67028719629,97432.21065425893,actual,-41604.36970401013,63044,11639,19903
music,-24.566896470644792,381,97242,91542.40803011315,-25681.78752504468,glass,38423.73026437679,10951,-69506,85979
gentle,139.13982466195262,175,-70632,71535.3486812285,31757.747762313287,willinghigh,-70.21220507945691,-77249,-12641,82497
friend,-922.5429037929268,26,90252,-96801.29095399201,9553.65741582743,hurt,23011.29206445653,-44525,-67027,89630
speed,-463.810024015296,-314,19189,-90042.56418198792,-32155.15957053732,jar,-94717.28825921577,35961,65576,86083
though,-863.670448810373,-935,-97670,10458.993874150474,36982.95668823473,thumb,-34138.42215136466,-68317,20501,99793
time,207.63363190432028,-66,60109,-3614.367885493033,25061.32625673001,necessary,70669.24686475916,-61363,95311,4902
lovely,-323.62926736459485,-39,77234,29973.41927899531,5580.348608245986,easily,-57265.997316845984,7605,53364,37220
separate,477.0886959509826,-405,29166,92870.25181854848,85117.14447216506,mile,-37325.98129897824,69319,19024,85470
atomic,553.3193639495387,-236,-65073,-77775.49702755298,-13865.229011059884,powerful,-27395.04574961294,-59261,3186,17814
soft,-909.1459357861046,276,-64613,37574.64534891583,-25614.386496562933,company,-42499.08659308941,28849,-78134,63618
shown,-21.918234762338557,877,-15629,-67888.07816494042,75613.2978000784,carefully,31784.516315541405,30628,-61194,78308
trade,232.10576412229534,678,30962,38080.26790615902,-63226.17917116877,introduced,-85516.8435971585,16510,40445,15969
consist,99.90231921293525,640,-82681,-18623.39493916338,-68934.46856357201,tropical,6092.431034818263,70464,15483,23498
street,-93.49806634979291,-590,57017,-67907.09499842476,-63876.024110777194,chargebag,-91537.10413882909,72646,21609,86740
price,-318.8496007727266,47,-17366,63026.31374537488,-56686.00313004457,boy,22926.631595558836,31521,-28479,82997
certain,273.8960624436181,-720,-71897,-11394.057383800508,-40328.61630477291,engine,-74170.2830829221,-79082,-37407,71930
climate,-569.0892685844728,-558,65549,-63477.773458408505,-66976.13160725456,piecemean,-9772.339539487264,-76168,-77338,24763
cast,466.7616863900712,-358,98176,92973.66839432865,-90977.89898446346,allow,-30293.39488147742,3475,10979,56090
fort,-649.9268819078072,811,74064,44271.933889096545,67458.82845955295,mad,78757.41371714883,91529,-69646,69960
wing,-751.407054539261,-857,36335,22328.578507663115,46985.82637310645,anything,-66110.26591251654,19401,43467,65908
men,93.42251071468331,-107,98729,58855.25099869992,84626.18229034188,hurt,-15310.958409791463,52439,32395,97102
field,165.23933020472555,-288,50847,29892.95646665158,7989.6565188577515,needed,30432.706410804443,34697,95960,56423
fort,-901.3127725100845,-695,-26138,-14638.476504665101,25742.879461101227,develop,74877.23388708086,98409,-1315,28506
proud,-179.21653951751682,-338,-82629,-13045.946472253505,40188.390226835734,out,96646.87400161158,66716,-12417,32364
affect,-564.8254719427773,436,14575,-95681.91804558072,42381.52169937556,totalpractice,582.7547510600853,97170,46223,43760
discuss,134.71784194320207,-888,3848,-21484.050018226088,-7848.623267438001,fair,76667.32406537735,48232,20670,61886
dry,-829.8999475764546,666,16484,1497.3842993213766,74177.78441316372,porch,-50141.6825128772,-71644,98333,31208
are,43.37736515395909,-794,70834,2.888376328875893,73991.60943690068,party,-25142.905350386412,94640,-54047,61316
purple,-201.29160344056663,421,93565,-85473.18046658892,-59150.03968140791,discuss,-21927.195497968816,82168,31114,84354
space,-172.40800182128532,-921,-12048,-25315.252419095195,-94009.67243494427,observe,-73863.13465721972,-19684,-36042,1348
author,299.7754806923374,488,75224,78779.45763917302,-19288.25022964232,engine,80090.86429960889,-40119,40525,17973
tobacco,205.2201531659714,-501,52893,-16588.744518467065,-75895.63706859117,body,51529.82540364831,-82913,-91332,62223
pine,243.81999110377706,-806,-9673,56621.4272268553,-23201.08935983978,bow,19104.218083755215,29425,-67541,85878
explain,164.88544712502426,-647,-8622,-57007.07023423816,-87751.47618105348,though,-29661.784357288983,95662,-69901,92909
funny,-457.372666351734,-356,-21198,-68488.59898153206,86848.02976601743,proud,56933.34764869249,61017,94776,7847
properly,-370.37864801419266,-60,-7101,18305.617480426517,7718.927250166002,science,-22210.212967194035,-98647,-45161,56706
society,616.6631216936901,899,10028,15077.250999519703,-17509.728418361512,plain,28975.07139365621,36370,86414,66946
age,-819.7486213204113,129,-8049,-1512.5268751537078,-76598.32836595285,seen,-57783.049074767034,-1277,16927,49770
closer,-871.2944325102635,-876,-80770,-3331.8415428493317,-84257.52377401294,another,30814.56928298209,43260,1267,54147
lovely,-213.4730142864173,402,55460,77215.07985414739,-23094.654989526054,author,68660.25785891066,-24374,-53303,88529
fruit,-435.5997484320334,-390,-88161,12959.531874696957,-15766.778140584342,union,16364.489871218742,-4580,-44773,91239
company,-845.3945621751845,53,33063,-33263.53892936392,-24611.948709839722,tail,-88273.75836925415,42396,-66469,22082
whenever,-64.32128636131188,-526,-53102,3405.483916827914,-512.1074907183793,pipe,-82056.61665555138,-14895,-16949,78250
crew,265.47303575828846,89,84074,68853.20844255318,60155.104121823446,point,-40401.22003501634,-33773,-88746,31513
palace,40.08561084282519,339,7821,79151.15404533461,74123.32013692972,tight,-97706.12637813596,-67031,76451,25129
thumb,-943.3078770102876,32,-78562,-71384.85226675497,67477.98199412084,find,46267.678343579406,4263,-8662,15717
porch,-947.2207303580116,183,93448,75859.74118433171,59315.771719286015,per,-79887.98409221502,25855,85372,88669
larger,-790.0577314601386,205,-83904,15064.740536104597,27540.67236204754,threw,-4530.1686072223965,-33465,52056,76943
negative,-570.770168355386,-118,-89814,-85174.25931274796,79971.29759177889,cow,-78496.62686876282,-92982,27582,94504
shown,-519.7222629732114,465,-86741,-11422.982846361629,79656.28814551371,sawempty,-20014.666119402056,74199,-79776,48302
because,366.9689651755973,603,-67902,37348.805647003785,-24053.446292163062,article,-18520.25836823898,-25176,-2729,31339
weather,-314.05753488215316,-141,20970,-95528.79726138763,17325.82700071059,began,77553.76089437053,34439,84300,64669
account,-886.3025998431037,-166,-30196,-9946.770040382631,-61915.959552543674,touch,-48031.79440710534,51755,-20795,33287
powerful,-747.6558433284615,539,-97238,-75547.73577968354,-96406.0304019269,electricity,89759.86415988178,-13312,57204,37465
judge,628.6753239060672,-538,-28496,-61513.598246027264,-14285.726965656067,damage,-93606.36844018687,-36911,56811,16507
production,-850.8787191369588,17,-28371,-76245.54133204833,6029.357656441774,chart,16341.62220171302,-70399,28470,37054
public,-854.3454093817608,609,-11494,-90858.97534002425,53539.54234068049,grandmother,29283.474041822992,-97463,-48289,41425
saddle,403.4325769924576,-810,52448,-8016.097275033695,-32121.85637365718,author,-12420.052591943037,41064,974,90604
zoo,-328.38251176699305,-731,71384,-95929.99691624609,11271.922319971156,spider,-81506.76137794655,-98739,83515,21337
generally,-243.77633344141316,329,3526,-2106.549003031396,-18237.345523780474,bow,-51254.63951565063,-8764,55866,44809
third,-572.7202147964078,738,-13528,97418.4667967885,4827.627349375791,success,57529.352014011616,67681,88479,82603
mouth,70.93297625134983,-442,4669,-1889.335359302684,-76028.84612029011,broad,-22577.1369498103,-57597,-70655,80226
porch,518.236821584255,-78,-40756,55229.16853962344,70282.70010012126,balloon,99794.71404992265,-66754,-75917,77972
please,352.2800746392959,-338,-83021,3586.1257868680987,83675.55091518283,dream,-36604.85542018181,75310,14520,6154
picture,-531.1727283043306,-505,55142,-87916.15031092211,-53024.23443975262,enemyplay,89878.23384666233,60292,-41404,19392
hard,492.04515561515404,-354,3930,52122.96442268224,47157.51512982455,article,99822.4615944809,92520,-98235,62062
wool,-484.00957545009214,-223,-890,95441.97268399916,-95344.29292726745,muscle,5824.211129914664,18756,-18845,42148
easily,-642.7558450724015,-857,52794,28926.41912183416,27258.282552105942,week,70584.30981111267,44639,-25233,52999
doubt,-759.5304367674169,-970,75314,-91032.11244618843,-3324.426167586018,kill,54376.392272268655,-14623,-1240,4725
paragraph,143.99347720210108,-628,-60422,3687.5656902843184,71097.60846019769,planned,61532.12716548267,-81851,56777,29395
tent,-998.1442289987164,-678,22050,-45270.26315011089,56921.04120564836,wash,-64400.68540595745,-44336,-93029,62853
simply,-128.81719357484917,-93,-49692,69706.22593225408,-97498.20101845199,appropriate,-37055.58043211255,-28215,70769,58872
laugh,-341.50482187997386,209,-30523,13339.27192825693,65286.300124869624,stone,-41784.866226233695,-77712,-27611,97200
president,-140.5127248218355,111,71816,-40743.31011065953,43552.985079342645,detail,-53422.35036559031,43910,-26770,52845
tight,-930.1403208268935,-33,3117,-34428.39885982312,-40270.328288438395,bow,-9609.903640702294,51534,28780,61532
fourth,-256.9991700667781,646,75059,61451.463194764045,52719.41356887709,white,94007.73049871987,-22476,-67996,67812
flow,188.963183922084,651,-10706,72085.62909878566,-23260.792870713238,discovery,-68020.5200497304,-79519,23584,63902
independent,-249.1786073052201,-44,-30355,-74204.20090084718,-55373.86045637875,speed,-15003.416761412838,-31241,93811,83286
badly,472.9219027360946,-404,-67020,-88389.34779544096,-86393.87070948996,possible,30411.534714899215,-9270,4320,16963
point,296.419702259951,127,60692,-47825.70910021147,9761.76772073684,mirror,-91363.12317761031,86824,-4447,61674
height,647.1832490776264,99,-32894,68886.3510220807,-4409.320139306219,damage,48830.284781526134,-11394,-11498,64906
slave,444.7391191036181,-133,63829,34284.97176048739,-92025.99434406824,author,-65273.07966937612,-18894,19529,69619
belong,-545.279478472475,-370,-45233,-86524.40614220184,29127.63392216213,slave,-40934.43395443226,-6152,-5145,64911
those,477.11595052877533,817,-11570,-18238.341773157197,37210.59306209898,cut,14468.668012125854,-18336,-42666,85410
whenever,466.46893926683924,-28,22180,-36122.900687579706,27098.192519387958,pressure,-35476.99237822621,34815,14924,14558
twelve,-473.3325213798107,-400,40480,-34801.52622962012,-56007.992097361384,production,15238.90746867293,91336,-73830,82956
onto,89.74186655213839,647,60331,38663.290699328296,-26524.822206180004,hunt,84005.7715455332,-93569,-91568,75990
writing,-360.7765679202503,-866,-16383,-39926.76986722008,395.19818657678843,got,-86501.77815080715,20520,-19392,64226
lady,-22.032575571907955,838,-95789,-1193.6816252839199,28300.923339944755,nor,-85323.73679751555,77258,-15835,33426
rice,-796.8202194544544,-468,-67277,-47016.33824164415,15431.48490690846,week,-1141.5182175061054,-79966,-6020,78879
real,271.1936623287422,-621,33860,-77663.77020170927,-96795.67541875072,cut,89134.8469211501,82168,-585,15558
kill,59.69595404309871,-430,-82840,-53064.37277100589,65571.85834524131,zoo,75801.1425698178,-95313,7862,71622
actual,382.83506731238435,730,-119,-82698.25076904049,-91734.55190809288,first,-10239.20858415708,-29525,22147,98260
fierce,184.07395283591973,-559,-12857,-97715.83619345137,47673.8952904949,enemyplay,67461.96319003965,-70553,-80369,41115
fastened,-136.39810811264908,-690,38369,10236.96823378421,26497.486227413858,could,27927.57230796326,57061,34350,64533
mirror,-353.08432833542804,-816,-27162,-28320.81711538967,95697.37093245375,detail,7330.863941046497,-18999,-71795,43836
particles,-793.9570388715556,850,49291,-96408.48724633877,-29843.523999176556,distance,-79179.17405897455,97306,-7084,26681
bag,423.5889494375276,-421,-22794,58488.257430411206,-41561.26224525023,rice,-28754.282285117122,13720,-73950,29190
flow,-69.80183951515414,-860,36311,12001.156137513986,-80612.1145267561,chargebag,-51611.426539526576,26406,57866,68536
husband,-764.3841827798053,-132,47484,-77657.03971905436,73096.24143106633,anything,-76028.22292617304,-73729,4253,24211
clean,330.04000347452507,-730,25507,75364.68435072829,-54902.18000411608,pound,-75135.02839553487,-85974,45436,17641
shells,127.34807535602022,-70,-7186,11435.846788759955,60166.70713439968,pan,3945.0143476293742,-33998,-18622,77607
dish,-338.6490898830424,85,86928,39164.90113771867,-99993.24004555111,leave,-41539.668983401265,-19416,32414,70227
occasionally,534.9990328453143,-241,-93643,-15014.151099144612,12794.40514417192,fog,-70394.39519998337,-48202,-27344,66595
broad,-149.41596410020816,394,-43290,31675.719113394152,20332.52477697532,carefully,25317.587158979455,-68136,38503,1732
public,-166.89564987440542,-227,40118,-63262.16434104752,31153.017081529135,price,26851.001052290085,64410,-39749,78566
apart,-763.3626702183689,-769,35445,62196.777854564716,-63488.83330845856,for,79077.11014142458,9025,87674,94938
teach,58.597425786535496,-725,68656,-56546.57170495085,-3307.789620868556,pressure,77199.7189308936,78532,47911,56497
friend,323.5943275825025,153,88550,21977.284663042825,67740.76244525894,faster,40895.78593670565,-83259,-61317,78967
point,-839.8589763264902,743,25305,-71364.67257083616,-2061.177702888177,prove,87332.33163935543,-66405,10492,42061
wind,-983.1605854213713,-526,-31024,62039.82251340282,-75722.12930891631,bear,-63146.73666493984,-54787,-7983,72556
because,-310.37486181840325,619,-2716,-98983.77136056541,98067.55525669607,wing,32734.36546783778,44184,2380,76676
finger,-282.8950014070864,54,-89271,-5347.4806465044385,-7582.892095426723,field,10775.07930801362,-54055,13697,41075
trap,506.26434033657915,6,-20917,59587.66777097495,22334.571221954146,necessary,-85741.68609447719,-55126,86305,45421
hard,-700.4344225289269,131,14131,-72802.98286010121,-98592.96110890685,music,75729.16312262378,-48488,41782,52888
crew,-478.0091381238939,-583,76543,-71494.00751992693,83998.89014642511,construction,94303.22593607864,24405,-9807,3917
enemyplay,-122.8352066323655,-803,-60202,-66567.87602211963,-62055.478738904734,factory,19666.0655469536,66170,-93521,27805
chart,-456.08219280414335,336,63763,69876.14277535342,-86878.75319320822,beyond,-6137.881656944039,65741,4504,10906
other,-610.1132394596377,-513,70070,-38712.07591966015,45249.70530895612,company,-77301.03324693227,82352,6998,57733
doubt,-89.84674281032699,226,-81606,99648.07384767281,29970.240589563837,damage,-16319.792201300646,-66280,74210,9694
author,67.78288968428001,-497,-81117,-20126.909145330705,-89840.30412013682,field,-13444.01266650323,35315,-28351,7943
eat,-924.8977266939057,-715,44435,-52669.65192872062,94413.18492491456,electricity,-87491.86366345834,-53835,-4133,53048
curve,-557.021092633335,-605,-87405,-12415.304427323863,11844.034178752525,author,37867.75194105081,-64587,91660,56903
pound,-721.9813885321371,345,-8419,40245.63132136475,65884.23962047481,part,-77334.19912509511,19992,-35669,38979
orange,119.4279242674802,-28,115,-1868.5900310828001,17562.373929199923,find,83850.837814981,66027,58741,37640
chart,-724.2207961727053,-12,-38019,16382.922846189002,14840.73198931053,production,-90155.41955375455,-97167,83678,45843
chapter,257.247271412225,17,19940,-40132.90486201366,81525.40869496932,what,11234.0252485784,-48151,97907,80895
instance,-258.5619830363328,509,-1042,88863.58533832672,-23118.715403731854,flight,-3784.551078268778,48640,94462,26055
similar,-955.0930491576222,-929,-91518,-91072.83966632771,9421.113722697919,military,-29437.407492975326,10090,-38148,9793
speed,-883.4558315766346,558,92307,-11803.496360014455,6175.993515044567,public,-22522.134365351638,-49878,-48954,72791
week,167.6763473734993,305,-42207,89378.92669194244,-4097.743316653912,level,13665.429859482698,-83014,-98421,84777
discovery,-762.8451368318189,-747,16929,-46875.05997875894,64063.743163893814,built,81534.18666092295,83579,-47074,71808
onto,-963.1828864190495,-254,32724,-61696.274189800795,51888.23256209801,boy,87617.13385158763,58797,16353,28236
summer,-335.98814617588096,-149,-2628,11250.635058797925,99005.66361036382,silver,-78754.93062548735,3510,-9783,78568
small,-708.2339702153681,460,-31822,18940.808342470074,40406.94664402754,time,-12574.623314906348,54818,49295,23552
funny,-141.12914436508993,-381,71941,35976.008037864754,87758.11508669806,keep,3179.560107009238,20073,-78173,743
buy,-867.2454312680327,-653,-95278,-90356.98365876066,50063.43814806384,week,73103.425771395,-53664,95100,64831
picture,-564.7934304812284,-619,-66957,79783.23780393499,-42049.38462140344,vast,73240.65480957934,-43006,-59104,30392
time,-162.3222525681398,676,-1525,90218.75439950565,-61939.229738549904,wool,25568.9843384586,71048,4908,89972
still,50.33037485421687,173,67389,12689.401678219103,-42460.04082378874,plannedarrangement,-50406.084038894085,-86332,4217,71319
difficult,-579.5999857128254,101,62114,-4612.154578567279,-89501.03185634852,against,-7334.591894835161,-58123,95354,86016
touch,-847.2430281151242,909,22690,-76937.57988917868,20002.431067361773,could,-14841.660802462473,75632,-55588,68652
little,-734.0201729565422,-594,47277,31008.36862552214,99398.98061105923,necessary,87739.29426825978,-78121,-2174,32687
club,-154.90231596154695,795,-11655,-99314.70340142348,-2927.7357193755015,are,-39712.758797835755,-5637,29897,41424
dry,-121.85691348609157,48,-77085,-94944.486608806,-3913.7584538061055,all,-95119.7432035334,-2811,30368,30227
tales,380.2878835253787,-977,32664,-75403.63194910515,-78302.81583442482,tribe,8010.821262908998,-61625,-75208,65137
giant,434.9399010643756,-863,86468,33328.26626629621,74484.40510885636,another,32718.956136953377,-96314,-90915,62065
chargebag,-195.2925677757279,-231,7507,-15282.434236331115,-12039.776335280301,discover,34740.672290510935,49285,-49365,34192
whom,460.62099390809385,-402,-54879,13729.388585336608,18033.007070321255,wing,43164.380740461726,-39699,-31569,44966
boy,264.87952853447564,224,87149,7933.995225803912,-63421.0743178254,saddle,45582.947255906765,14421,-27090,77521
similar,-173.20058488902748,-665,-34304,-53659.631606588046,-55830.57950869465,trip,17561.635387759656,-90755,93404,41864
company,217.12263513901803,-998,-25167,90928.2120690762,-72962.57024950712,dropped,84069.05688445762,-59762,25365,39402
cloth,-617.8875097454875,534,-59126,6357.22902219127,-77238.51836677137,belong,2154.4093295747152,57636,19587,39312
tent,-998.8649473048675,830,32884,32987.68998207309,-79782.87063973848,fearworker,-26655.30884177974,22496,9085,96219
belong,367.0731715560694,-816,22939,-39370.85147317103,46405.11534359792,grade,8724.591046472226,13919,78304,76035
planned,-481.21401849004485,369,93459,21740.7004013813,-83297.33780063721,wash,-37449.32089143664,-51590,95983,44606
could,573.1407839832596,621,89512,-27791.021489378458,-25698.44709463243,bendexplore,47958.098819190986,-73510,-94271,35584
slave,-435.84033778104185,117,11052,-98606.5826615041,-48108.462438536015,town,-39753.82718614276,-56436,-38324,57922
mile,-116.21373572157677,-349,-25444,-31910.74705501966,54908.41646026223,dry,-20108.823101992486,48253,27195,5859
flatring,-977.3106766707527,257,-22083,-24106.93968981356,-81586.11847454909,flow,-46857.44679550894,81130,7118,68145
show,251.6309075378242,125,-51371,-20419.80026447015,80998.94499016943,shells,29160.108745063335,48695,44518,6996
electricity,-959.7390622804567,709,83413,-86162.63749754833,-19956.788553216073,whom,-10199.525161259458,-64595,61579,75238
upper,-35.96886944717721,-769,25013,-82064.52688610424,13682.363264578365,unusual,7389.917809118415,24527,89625,4155
body,-219.29672446960365,-927,-32905,-2489.5877982873353,22095.75336364629,chapter,-2854.9305968650733,81846,-73392,95663
courage,-69.13684378579512,-492,94828,69850.58876850852,63856.272709192155,society,61357.8069160383,-45994,93698,93246
bow,-998.0993195256391,-416,-79594,8036.779781047662,35028.51968456365,arrangement,-63256.11688948693,44225,57069,52439
hot,-745.1035029244963,122,-70731,-69863.17223968956,-21060.267947156535,president,-84032.74532007382,-58331,-4436,21084
simply,-130.33141879537288,574,-59843,-16597.688371787342,29569.62321790788,unhappy,21232.419082555934,-75208,-17405,6315
aside,644.022786847921,-369,33500,-39792.87293973794,22248.36613850834,crew,-22581.588889723498,17879,17749,73630
several,-582.418126103517,281,63336,30907.356667637025,-47752.79073672542,ordinary,-75790.49727058451,-20758,-27544,31651
somewhere,556.0401948998024,867,28546,82479.59238580748,39485.499025567115,easily,-92269.92703383275,53909,-12042,15818
fearworker,88.95821072590024,-805,-9741,29966.599745231142,27813.588345603304,gave,42477.08984972848,-59951,44441,8392
combine,-659.3079844741949,-739,-44105,-28387.315947455383,16570.636288664973,though,-89419.20687623032,23057,-67081,98282
plates,612.4850849613929,-837,84853,-38403.06007061554,-32363.998644443098,tail,35914.655311068374,-20266,-34738,48153
grade,-483.0233649218819,495,34503,41891.17565859223,-16031.770895204623,against,13371.646882642046,99298,-52326,77418
mean,-186.5239121179061,-645,3567,-77413.03810467546,-64664.12211783737,threw,34244.81150097272,69457,5090,22341
for,206.54964191562408,-547,55976,-72593.61879957911,6139.05083339299,famous,-83960.00290534727,59509,-14609,42944
tape,215.1242372136603,-260,78804,-45906.67403923119,51108.65981969581,dish,-95412.88311063207,-9011,52243,28391
appropriate,-56.13498087765936,253,89567,17543.805266124138,2026.515811155492,seldom,69886.08981552359,53704,-58549,98430
lost,-812.3521855406411,346,-72750,-60832.7649637127,24888.81658266444,play,10731.586506679509,535,29860,18122
mean,63.25581186488603,438,64675,63195.33028587041,23974.296667995644,pencil,-93882.69933770104,40502,93450,10786
climate,-853.9089027214904,210,76219,-17039.568340855665,-16784.5007660736,gentle,8691.041948157465,12341,-81826,44173
to,-599.3181127976422,519,93979,-58587.25352680156,52526.90895110759,laugh,64399.93886329571,81029,-69132,12542
carbon,38.12978432912246,682,59292,-95713.3464052909,-80154.61475398546,exercise,38917.06509917902,25590,41312,31099
though,551.1155633367064,83,28893,-12162.528545571826,-56850.0569654546,slave,79375.36908885889,-84185,82577,25950
observe,-342.56856608404064,-875,-12419,-38749.25197597199,-84163.25329301333,because,-94921.64969611226,10130,81739,26905
strength,-679.8478101638724,788,64264,88886.21517219066,-67398.49213338653,null,-19607.17096768698,43846,14540,6531
author,-482.0197483384742,83,98362,35472.28028165811,18134.733059820675,threw,50247.7286113248,-85540,-63016,53656
lovely,-862.8558738439892,399,11443,72438.07905793987,-94514.33610361861,gray,91933.98306029465,-75352,-69701,90501
closely,-265.57609235126495,-720,53914,11761.740549023947,44938.82026270032,on,-84336.43583671893,54188,65177,76152
finger,-894.725352666648,208,-65329,7609.920405053112,16214.197370305177,tape,-84300.83895051954,-59489,-84738,92234
simply,-962.9030840585152,880,15708,1907.6165295080427,85066.46846009477,needed,-62127.29727668649,64313,8530,62285
early,175.51262594817035,-57,-53801,33273.234901398886,20307.24827285926,separate,27443.054426506365,64626,13222,47660
kill,632.3580012431298,-819,7017,44442.74714862634,94263.95876098823,glass,96682.74893410437,-28255,11051,17222
construction,338.1360598054837,-51,92372,74403.0891557149,-22731.921003823838,carbon,-32355.374861855962,-96090,9171,27115
plain,408.0648976096786,8,30413,-68611.84800877632,13041.321935219006,zoo,-16143.191819905493,24969,-24637,47635
pine,-431.51750452721046,521,-87054,-22502.48509042863,-61858.0253600491,instant,-88860.30906037854,60488,-32301,88767
closely,594.5526727005054,-893,-33731,93747.842969508,66155.47381603313,tropical,43927.85321043612,-49944,-14321,68470
electricity,240.29977281110678,-747,62426,17004.201606023635,65717.5377648308,find,92643.36160845944,67975,49138,82110
silver,-933.0203856820058,-120,-37339,-11178.124000297656,-63982.518415265185,exercise,51445.46376535072,-51815,29220,48755
strength,257.57998419655655,901,-31166,3365.24305544424,-50195.64344219618,generally,-60614.78643412086,-29347,-9676,67793
faster,-163.060842161001,-29,-91730,-25817.437230822776,-96051.84016504107,union,-76386.3884990285,32550,97687,71317
friend,377.45743667504416,-987,6630,-18027.32521554749,-57654.60963835387,glass,-88766.78809551775,-93133,82304,9998
zoo,-635.1485793044747,270,-67020,77642.12276196579,23709.321602528114,chain,-62727.203151301444,-90936,-72165,14721
for,-187.65855596193285,693,14984,-8012.3356342125335,30530.35252185486,broad,-71050.98395907112,71811,76453,2568
out,-113.15140278758929,-236,71964,-43020.660214553995,58029.89603621079,forest,78824.22954303477,-87070,-88692,10306
tail,446.40583403550477,-832,21764,82396.25369557843,99995.01803939711,palace,35087.74141594654,-38202,24452,31378
find,-800.664873393428,-50,-31954,93784.03906959182,65748.17712075415,kill,51845.380536612705,-8151,34830,66786
why,-732.8356720650354,-45,56596,-93031.16357091801,78418.970147799,mad,51302.05753932259,37594,94740,53481
aside,541.971015379243,14,5528,80292.66596703717,-28924.12500535189,handsome,-92458.19054852882,-66228,63844,35343
darkness,-477.0830746773306,628,-80173,-47494.247806609135,62215.73442568703,point,-33743.96455924967,-65754,50523,38082
proud,-284.4568311634389,-476,-72098,49485.54331661522,-33581.895279508346,dish,-24915.031912281876,63267,-43956,26518
eventually,512.6746119993079,-301,99698,41886.41662941006,-67629.00889265531,either,-97713.88577876918,-42457,-20520,69724
fourth,-364.9716316571371,-563,51640,-8881.045455067753,-8428.231989034379,locateproduction,94841.44066844802,-24935,-81869,22130
win,255.46077241562602,-485,37641,-96868.93677445405,1987.4671143642772,army,-32510.943745690063,15929,-27931,70156
height,-499.9942708866299,237,69614,17501.676716632588,31811.112850909703,production,20929.127357923717,6336,-92837,2439
bear,-564.9077538902476,434,1937,-56916.9062797533,14801.86247976753,gave,19861.634403385993,38681,-9098,72557
laugh,310.35603747641835,756,75132,90304.02446214913,-12184.03554728636,would,34995.49157237186,43650,-57053,51706
easily,507.1603274577901,-75,97575,-36037.628721988454,38620.59865635965,interest,4997.037029466679,-19394,-21697,1084
ought,-357.7633533221069,131,-89700,-32129.978743920234,14268.313976412086,factory,-46630.44302962294,-33480,4438,12266
eager,-358.74085120771406,-754,-49916,32147.920967145066,40159.46814798072,began,-50475.79092491497,89871,31007,47902
weather,-164.47427054791876,458,4734,-15286.269319207931,12579.52231391186,tribe,-12192.749295442962,14107,34612,95154
discuss,188.78090157268434,-738,21418,-64515.47442031591,15108.668831058836,particles,96598.43477451181,-44343,-1269,97965
production,-950.7344550717911,-221,16290,-55216.26471488772,-13444.347223020304,whom,88731.48683423686,63505,43849,49200
union,-490.35062374602774,727,26987,3169.0742695028166,-53121.00131073121,fruit,56108.61046201098,83337,81747,7948
explain,-525.5483520621394,866,-45834,74347.27710825377,35583.514492150396,flatring,31523.588128988835,35572,-92825,78814
carefully,-795.9824237675914,-754,-45799,-86879.84174297265,83853.08145855158,street,77850.21707040933,-80914,-70666,14596
practice,-8.485383204396499,-389,-91738,83915.12066717361,-94650.69170501248,spoken,-24410.212311786687,95922,-28083,43263
moving,-898.6165864804212,391,7658,-6759.205518887073,-81755.79432247697,appropriate,30656.596386049423,-25218,37807,87611
structure,-989.5753797011141,-932,59762,-42315.08088449254,-62233.13842217106,consider,-54742.693523334805,-87599,-25961,56521
grandmother,-972.7309725344379,-433,61574,-19005.439996297864,64732.88367870581,glass,9823.798015939828,-92308,46081,35234
tales,136.04276509445822,-426,-51067,33331.25287961372,11191.298758334771,production,9270.012973437231,99478,-88533,43636
higher,-641.3110540376865,623,14219,-7235.043801116903,-20523.586878399074,excitement,-19144.411039852945,-79539,27055,66140
level,28.263966638000966,-570,-62421,4622.647724933369,-68155.34442989255,wonder,77891.45424209151,-15105,16275,65895
find,40.63570317130552,-70,41213,-49309.09182314338,-12940.62209732749,height,-26634.520039395153,-45955,-51984,79281
who,-962.0442573695054,624,59758,-56668.962770954415,-2995.7231751181534,west,3438.3572240247304,-76884,10754,23520
parent,-463.33086421789676,145,35528,-5898.863034110094,80827.01600457501,mean,20070.822880418054,-72836,66425,24403
warn,-236.70911867487052,518,-46361,-68082.51880243614,-67334.75290077264,develop,4799.45180334372,-81656,9784,29087
wood,522.2362612632012,129,-4764,-72268.39431615552,-43619.62588172803,body,-98755.57063399584,118,-50552,66774
parent,-781.9804545836123,94,-82986,-17292.464594733145,-28791.63931974194,glass,69351.18455377454,62748,-28394,63451
real,456.5265159304024,225,-18226,-73235.9995797539,1961.8448218604171,dollar,89932.91740472193,9468,79561,500
twelve,58.29180311072423,-734,-37593,-75894.3153914058,80214.29690761291,crew,83826.93567197258,31244,-76894,23538
difficult,166.3171801426904,-75,16149,99080.36348331955,9309.343196878835,business,80862.6610421428,-75521,10829,28665
glass,-887.8030847484963,-340,85375,98810.66913563685,-9442.630512070129,price,-24403.64487806284,-39164,-13778,40774
fair,-998.3065347590151,135,-64814,57623.327856473654,-49119.61535955578,author,67131.35808750946,-50805,33232,6856
cow,-384.90202018372827,675,71987,-5648.269932496187,73627.23588527701,consider,-25162.554475710407,77783,-35690,61285
chapter,-281.6307375260908,755,9655,92532.63073896189,-60006.788122944665,sat,-52414.88988305778,-42495,43850,27539
powerful,-619.9232369815745,896,-14564,40884.608288310585,-13889.284216245753,palace,-2272.4481109355693,84960,-98647,86022
glass,-395.7324922552093,191,-15485,-37640.51624293578,71759.02624443464,scene,-89854.67679884442,-57991,-93016,95161
body,-540.4365951816258,-690,-19182,-16696.626052006875,-18907.109900171417,block,-8195.906097582876,37649,-75926,95481
lessonrock,-298.9084502526754,-337,58340,-81314.10726830996,-54927.261282853455,price,-44584.76129097424,22896,87907,73857
age,-153.18497725206294,-854,-83664,-86051.06237477476,63687.9038153486,uncle,-95687.10091560353,10416,-39164,30857
flies,-279.35680137251086,-868,-56501,19572.260348520038,72503.50771008705,difficult,22625.224992824064,-71536,-2279,5140
purple,207.82257447082793,-547,-34616,20499.65579350981,-44264.861566915315,white,62458.14807710389,99603,-33601,45340
summer,252.32460872332877,-643,74986,18999.515328351292,86359.29144239044,spread,-82338.09220328464,7410,-43601,23960
generally,215.75059668899144,270,-40573,-48843.446323222524,-64508.43561875745,hunt,-57208.54526073962,-55372,11591,47620
early,-213.3153646913055,-887,-33441,70321.48236452308,17127.633836233057,kitchen,-58877.66933563583,-74208,74870,75794
wash,-128.81127538750764,-378,78934,-15213.24407381381,-58814.73318330959,hunt,40245.72708024,61824,-28977,56573
society,158.3043659902819,-405,41267,2711.9024420593487,47259.22144792165,whom,-51472.23172205966,-52191,-83765,23244
darkness,-555.8529640014626,-693,-3430,17545.207184814804,-45845.20253381865,doubt,65164.20007720872,-49763,72249,70344
moment,258.5789567890706,-249,1980,29477.461517966323,44517.50204976165,dead,-54372.06056181214,4458,-42106,17805
flow,425.1557924902072,-109,71574,43130.4015499817,75934.40500401604,exercise,68944.30736801168,-31334,66263,38266
needed,-737.9113766201813,-534,18267,-6396.6222786261205,43050.3658427179,company,36692.16393770481,63553,11951,20410
chapter,116.45902295198243,722,48384,-13470.826139152137,-28065.924426561265,actual,30479.412617626338,-45496,-85495,1919
every,477.8353101875566,-655,65558,3655.1819979005377,-19737.825200368257,speed,27709.436945545705,-70131,813,45998
height,631.8236066101717,-956,-21920,53775.7640155211,38618.17745493265,manner,27521.369977860406,84394,4549,96822
hard,-647.4616106310039,-119,34038,8773.919565229953,-2667.4775813668966,doubt,-28205.66206916813,-66931,77121,76718
possible,-290.26076489221566,675,53452,66289.90225859659,-34897.1978947211,dry,-86325.26357096042,92700,4832,43707
combine,-624.409747731905,-96,-14830,-58638.95925015348,17296.823308749532,die,-53599.73641070033,41991,-99028,59081
grandmother,584.0107646754327,129,-77662,48490.62316075445,-19381.2792066611,guess,-63602.8576316368,-68434,66242,24516
minerals,-297.02811187149723,-949,93058,-13481.937121084498,-14143.809047762246,plain,88831.42058149277,81512,10068,68670
symbol,-129.7721211343312,247,-78125,15488.45674785861,41361.229926794505,chapter,31012.991853000698,55202,57939,59229
thumb,78.39922299463001,228,-23367,46658.56900391902,-39557.16797272766,rice,35751.8859421098,48656,-23591,15106
dream,642.297145957366,109,93918,-57688.07380759573,-4236.455739951547,boy,-1800.4833556982485,23507,27127,85787
tales,165.20402393070003,-88,-74791,-51567.62386140556,-12960.015851541204,spoken,-63918.64040380601,79891,20463,54344
hard,417.4053812511452,135,-99032,76191.00385624805,60706.34566651558,doubt,47265.24474482244,-88436,48124,14023
point,363.80435483698807,193,1857,8896.068282808861,5623.198143108428,kitchen,65005.29890957696,24101,-25869,51824
week,63.78307717901248,789,-63609,-95987.49236994883,-33000.83918007364,found,-21016.673298918744,33604,73441,50869
third,-124.36372780875172,-636,24709,31998.900555345055,-59545.74804294148,kill,26336.598482441783,64005,-50450,885
being,79.6049451488716,-208,-61898,-85245.37390035059,17204.48238763855,discovery,97676.22864590396,-18457,-88649,3800
several,-984.8039856616707,-66,-43126,-54385.4631329098,-75156.31523256935,pupil,-18530.410392048376,-68840,8945,17352
negative,458.2699802993268,276,-63573,58861.97904009835,-32526.804211630617,adjective,80009.50356099417,92841,-72212,98358
little,-647.273305378143,-590,-7099,-84853.26313888957,13380.224634276354,speak,-69757.0371883783,57973,-99108,56344
spent,-279.50494364200813,229,43632,56681.0513178533,-87067.6050652628,rice,-46869.06521553626,75992,-87285,51278
dream,50.03178480305337,533,-70769,-11955.911933854077,16992.524002374703,glad,-72600.82022354526,76691,17366,84504
consistparallel,-338.8500343989791,692,38326,1500.8899305967207,-57794.84454112267,slave,71259.17408642627,-77068,87593,45851
moving,-423.54209067375973,779,34723,-33399.67328493249,69491.69022172762,cow,-24830.92581813062,-37476,-19857,3249
discover,-635.9586648016352,240,30878,61712.14403853583,61151.12799201842,null,50793.00677019908,-54960,-15261,33149
detail,-578.7628351122354,-516,-75012,-53671.58129775842,-60452.222527464495,business,-62295.10510752936,20465,98718,62908
space,-32.20646699525196,269,-69141,-76064.79495131227,-65484.98088530874,proud,21752.277841858202,46025,47052,17866
condition,-117.46126019263,-576,-24776,-54329.39011494677,-59240.93194117839,zoo,92766.1447240458,87697,34604,34225
scene,123.82853403092759,-199,87363,68262.25458616606,-59058.12349194734,dry,-18300.786017253995,-38778,-37590,18409
minerals,637.7030185933343,458,-12680,25579.247462846426,86276.54085552486,manner,-56115.40665796531,30121,-39275,31540
funny,272.8524733908289,184,78086,-84445.24293302765,39685.63960281876,purple,80345.68478925503,-2934,47600,21705
several,-342.4080240095195,235,-35964,-84237.20775430123,-82101.5838752155,explain,67740.18682486078,73330,-51712,73429
silver,270.8030758390114,394,97112,-25470.04333411873,1955.9847042874608,pine,48913.79728171753,95917,-28543,5701
beyond,-308.04254949526774,247,-60685,77671.79183433636,57232.36166985726,current,-75928.47377086192,-58595,-82328,14519
escape,-849.6840338171214,-538,-49441,27756.1328752252,43497.348511386255,dig,-63509.667239422306,-49315,-79294,52108
null,237.24522035838208,627,-45173,27028.839171738553,99109.3081837529,manner,57327.68689285882,24165,-1431,81264
consistparallel,-537.831919187583,-63,46130,-80210.97652764489,67122.70024672951,observe,32085.966620125226,39921,-77220,11691
necessary,275.19733930155326,-296,66781,-12606.82105801598,-1894.4163354164048,unhappy,78447.92554706914,83972,-45720,77145
found,-871.1251489262893,621,-71498,16562.69914257247,54938.234751038166,uncle,87724.10919703945,-62088,-24020,587
handle,423.77524316906124,-579,-23569,55573.304737042985,9720.169117373458,pencil,-6737.88201198804,-57076,89424,69829
against,-665.6430393237215,-724,95622,96467.84744214921,-50524.588634927124,necessary,-94754.99985748151,75642,-55592,83807
electricity,-16.91019723537886,62,71919,-8703.255438801949,-68020.7713537391,glass,-41826.39616766071,-69020,8763,76520
principle,-750.7626918314464,38,1052,38611.8968388529,-85624.6839586107,became,7093.298410074291,38028,54180,10630
hurt,-911.6421947895647,510,21546,-77372.73845658265,-87263.67245038779,observe,-38572.50720107377,90134,9340,65869
brought,-733.284565867791,748,80469,3205.5283249547065,28769.597527079968,production,18277.846173061902,-86182,92233,52268
brought,150.0386093607617,307,-21236,25831.05288768391,-52653.29510523806,complex,-86012.74587972068,-75811,97434,1404
notice,207.36205789541555,-906,-77627,70864.40286186192,-84090.10795722471,belong,-50795.890746539786,-37361,-85471,65854
thancity,64.03645875889379,134,-68631,-73114.26107694616,41102.17692157315,motor,-55052.872049997735,-99577,-57435,4180
locateproduction,-105.29842729951315,-161,27556,29776.347500991295,94370.06124121769,warn,82486.30954660181,-54942,64860,13270
fort,-337.3539680714123,-587,10375,-24287.34581156737,-34050.73159300552,hide,57314.71843764288,36606,7014,77811
somewhere,-145.83028051244844,258,-71115,-91389.61380456827,-75269.78017155346,certain,49961.70460478516,65720,25584,33375
electricity,-286.41106762279867,-182,76561,-1652.950082601761,67709.47204115626,aside,-84929.61049489927,5456,95172,94034
finger,370.90711100865656,155,-39745,23685.24391464131,-17872.749818358687,unhappy,7341.829767041403,-13373,64434,67546
glass,132.1114386333611,-683,9871,-744.5825215248915,-1204.5818965481012,three,8335.227745500888,-46847,-43346,45673
fourth,-863.2523848019582,497,-60889,88853.19581986452,-89227.2447083835,willinghigh,11701.473884330975,-51535,61260,33586
bound,18.50857933026225,80,21559,-74984.46216753838,-35879.252376836135,all,-42605.19582059261,-73211,-39288,39958
flow,-150.72441927127284,438,-68148,5137.889558566196,-29500.064902904793,similar,-71490.89546587532,92382,21885,18168
current,-167.36253376528703,102,28230,-98296.82197687223,88190.04863945642,cast,99626.9715164055,-95169,50917,20580
west,523.7842870584336,-599,-29035,-61642.575109828314,-2291.959897167064,wonder,-6615.871314655931,35583,38608,98951
peace,-322.7274629427195,900,-35796,53360.418005987856,35138.10986091904,mirror,-89715.17980179848,89266,46702,17279
bow,-844.6772121943313,-551,24035,-65081.54689842847,95370.12087471414,gas,-25207.245593869113,-61298,-90959,29249
belong,188.47012279330534,177,-63954,4392.864982813146,19073.12758422451,flight,-3994.4598105135374,15397,-79561,54122
dream,-542.5296044582058,435,-57790,76324.70557671916,-4821.335729657643,closely,-15996.202751825942,600,-74551,90443
broad,297.9489228123675,562,59966,-99988.03004037164,-76524.47257529518,proud,-26692.641705613292,35415,81476,76408
production,321.56662694098736,-560,61281,83989.6675078567,15195.371547728428,compound,77044.5441854441,-16696,-89278,92899
well,-212.18941727181198,-621,-84978,-72263.63371436633,90438.80191717145,frequently,96283.45490322748,-81453,-17903,79108
interest,-342.17566226664997,-409,40374,64875.60224111698,-45253.59285047535,pencil,23809.080311443002,-50004,51373,93270
practice,150.38212071200792,-523,75959,53589.88051532584,-68635.385872254,society,-11549.849838561335,-67616,39827,49667
null,-217.8658390207637,-67,15974,35412.60370501218,5118.795369097454,summer,90505.7857826261,-39298,-27660,46710
nor,159.9852557358911,538,18048,-60360.05002413192,-23576.334947665382,belong,-57246.0691899352,31439,7940,35624
mouth,-159.12323097561818,679,49719,-64523.21759582868,-77308.30343712067,package,-28211.906796848998,28282,-98026,65150
upper,-513.8097316303686,457,-78293,-24963.806968774297,-47066.61074195229,military,-93137.78451629086,3622,-24816,76615
twelve,-147.7034433094626,-110,52761,49259.16014332019,-5270.897333305285,badly,-3238.442168005393,11570,66283,21513
nearest,-248.1062885336006,-261,57670,69215.80409335531,-92026.81331961225,shells,-19221.087548849348,-10619,20995,6757
all,271.62500519981063,-771,-26842,95757.62696123123,-44710.048078777276,out,74364.14714733345,-93034,-78180,39938
apart,-430.00174683655223,380,73558,-40588.26930666668,-83481.24175261254,laugh,-6236.207222118799,-48874,47968,12223
plannedarrangement,79.41352448253701,54,-78621,-37121.777125077024,-34983.85479585145,lake,77778.39864971978,-97659,-90835,23358
tent,-79.85564231436433,-687,-94140,34543.75016146773,47572.26362710158,machinery,-18562.26939140058,48157,-5921,25469
final,-175.10777592638397,391,-30539,80246.5051611021,-31394.08792364165,porch,-18548.5735602629,4280,-63692,59995
threw,-548.307449036083,-523,90219,88181.22772084939,-88717.84904358961,well,-80398.11223820792,-45775,-44710,47095
compound,-143.06062278766558,-526,27584,-47430.579180385714,57328.6239074601,plannedarrangement,-44324.078064035224,-94572,-33474,46229
final,-397.29482696799744,737,-28835,97107.13543728142,-91321.812982593,planned,73867.84416998134,62295,20360,39125
pay,-844.0610163452136,-112,59988,9698.666613749912,71821.98645585077,because,-3766.028892710776,95109,-64881,8082
military,-440.3992078311999,-214,29663,-74483.94672626384,77912.19481695056,earlier,-75365.17454041023,27642,43561,71596
height,213.6550872720934,517,-88439,51864.39411363416,-40390.61340227521,are,95664.49607372622,57385,76971,39756
production,-460.8271354599374,-264,-48817,-43641.93963267844,-14016.523424543804,moment,-30221.745679123575,1100,-95622,8812
degree,-19.361419315107582,-978,-85477,-96807.15129146668,-87259.83680530346,brought,46385.828815944406,-59467,22885,58794
ruler,-887.3777791231123,-349,20671,-55394.42073834038,1125.2414910455554,began,9167.184798126342,71532,-13390,73956
discovery,395.2129056392157,-672,84529,-9857.843112854142,16966.229846514107,lessonrock,-39171.002474599656,71347,-2342,22212
development,-288.5692085847696,156,-86848,-49631.51653282638,65018.89666451843,independent,-12028.683785941757,-20385,22830,16919
courage,-350.6487834126443,897,-91015,-57984.03874653395,-7521.141326427067,closely,-46084.970002966984,-28535,41905,39910
palace,-857.8692973442784,-769,-97365,-5943.413650701434,85183.10957661085,various,-91123.06188429092,6637,73692,74108
twelve,634.7719649810167,-636,-98860,-52654.42467350692,50983.37519583889,unhappy,11398.466427044143,86178,-36763,87550
motor,-434.09541729545913,218,-77939,69360.56673817802,-15920.796857323876,can,-91302.1441321946,-12301,33200,47841
various,197.78025265748397,317,962,-36373.01196516829,43391.292680758226,shown,-70248.85124922839,-32650,43393,37532
saddle,-198.26027604611056,26,45506,-89245.4097954523,6204.934396257842,finger,25259.146069607523,-5783,-10580,86934
cut,60.38702113238082,572,-95049,55881.198793051764,-54327.746829334144,final,-45642.59803584416,-51911,-44560,95282
spent,-596.389762032365,431,-98999,-48917.66163734468,83197.42208013081,plates,41795.682229093276,83104,7067,14796
chain,-490.9380081392742,-129,-64968,-82278.13584618527,-21056.646230967322,glass,-91350.12363143181,-65349,51041,14279
explain,-210.88251792410188,-430,66796,-6650.130615191534,-82125.34558161427,both,-50431.05422460299,-62789,-70299,70629
piecemean,599.5372392251786,356,14904,32175.812906608684,25984.77086322155,symbol,-30854.496832412857,36873,-51792,69568
those,299.83874594971417,840,-97209,97614.57775458696,-31815.08956303254,compound,67236.74795685272,-91867,-82590,41967
became,145.41072076016712,-518,88098,41365.67942301417,-37034.37173354531,independent,39413.42182964203,55158,25363,59221
carefully,-770.1266569834618,570,48198,-46355.41607965137,85990.31328802448,atomic,-42930.137123531684,64480,82551,84084
handle,94.69920501662091,-414,-42461,85332.12411830868,87025.16010053357,rays,-44777.65741280688,-5638,54284,66634
parent,-348.4350316747102,-157,-1063,58341.07304456303,-7549.946404213566,giant,25410.00235218194,92967,-33099,85761
pan,-418.8968251006345,-89,-86292,30160.49130665281,45157.41630236962,brought,-36321.10562378601,-62023,-6601,88571
what,-384.4196854799425,-299,66840,84872.66236222239,-8977.571450808551,planindividual,13903.84175940587,10178,25210,22282
company,-81.82980706426065,38,12400,61708.15155558719,47643.267434699344,point,-85005.53640853123,-80966,7448,34215
anything,-409.4036971012399,-132,-53768,-59575.08791323303,-45793.40850363589,pine,61444.7746271714,12706,55127,3366
pressureobserve,-339.2319948485814,-740,-46020,20684.222796541988,20180.740453403807,both,-75932.01507721297,73769,32398,48401
tales,-945.1771966489027,797,-72513,-14741.297004796827,-31480.05515118553,allow,-58574.49722186112,-40060,71764,88190
location,-304.8581540596748,-953,-30182,-79504.7262317432,27374.49438463393,settlers,28190.292481202487,-19891,-69908,56990
dog,584.7717021768979,-579,-92137,-64384.290368915885,85491.60184909572,location,85364.43676546434,-19595,11164,24020
moving,566.6995386099309,765,81190,46091.84624786768,69573.15661656042,being,47623.808558602876,-28295,-73752,29585
dish,-469.84410009408793,-858,44823,-15313.31036226466,-10885.766328233527,arrangement,-79480.61253202223,50606,96713,30251
president,80.87477007171265,-528,57942,-75128.55840920724,75723.29668665121,shoot,44161.14359860774,80975,13531,73547
dish,-347.64640599186544,25,-18854,-35459.88791499959,-22405.76560003232,speed,2224.1415409198526,-41153,70230,72408
show,370.62516503409825,-783,56232,-33727.97926858047,-65700.63753200468,underline,90692.57799771553,88453,38114,28674
please,-991.7309306718942,-551,97923,-86003.6254718058,-2525.1420946492726,anything,97413.64448920079,87671,-11270,61423
principle,462.2273982310421,674,11674,-61533.29417601492,-46620.20809448744,union,-89045.82614257096,-28682,-61923,6804
manner,-182.07431064519403,-565,-78831,-45900.050898509944,76101.88379933548,discuss,-65011.77671900675,15799,-98841,86929
were,511.8474369455125,291,84407,56582.55219862331,-2413.714049102462,army,15448.786204016287,-25788,20919,17711
beyond,-40.53022555021346,131,62649,-89555.00177635143,20339.484418310356,success,-55856.4940831143,71661,92382,28372
statement,614.4425087986472,-799,-38880,-5091.188673164288,-21636.44426004916,moment,-27769.13843660179,37110,24453,68747
body,-541.4067297655874,215,58413,-34642.533503078645,-38709.143021808566,dropped,43081.86650848031,-23461,69518,47586
several,382.57737084294195,435,-89681,-58357.2546469237,-45644.82828843921,create,32222.115496793267,64312,-58038,54918
dead,-324.0206690699953,-636,-64715,83654.65988791964,-65998.2740794349,tribe,76895.57787891332,-47716,-44771,42602
threw,-693.4421835288863,469,-20612,-79252.63860166396,-3949.323344651086,aside,-12609.0145932273,18275,68783,18663
music,35.22750759500423,349,-65093,-1341.538626478301,60118.09193553089,actual,-55501.417103149666,-97271,23750,12715
law,-740.6735277375591,771,-88935,66443.3396701426,8342.529107655384,street,36029.07293504683,-22744,20137,42429
fierce,555.8004214074513,-238,-46603,-36867.46796706939,-90424.35139826093,introduced,-88045.10714956757,74410,-91786,95031
anything,538.3656384264586,864,-47540,27405.430194251254,48791.311131724535,eat,-78421.92135284215,3729,96951,41729
kill,65.01919077923549,816,17238,-84777.47879749953,18201.037369265134,production,-41590.40455576164,87695,-5696,53680
please,-301.41254844176945,148,93494,-19731.982424208632,69217.79594218763,powerful,66834.93626826227,-29731,49073,44501
under,646.43033684492,-32,-44303,90708.40883816566,-75177.32905402308,soft,-91639.12925633253,62323,37685,74930
famous,33.14060972844936,726,51057,-46995.75528172331,-85181.3188384996,business,-56103.363085232406,73731,-80298,491
palace,-510.065270237865,-627,-14814,-7796.945376658099,8563.899898425414,darkness,51535.299631426285,80761,-19320,58181
write,-97.1528449647717,-759,-13571,8784.91363035365,-61431.890008317394,cow,50690.08279979529,-36616,-95185,87173
give,46.477929209900594,-468,-96429,71043.13873956283,88110.19174741203,frequently,33615.41783919779,34482,20469,5437
gentle,-518.8058098765334,521,4427,43574.144112380105,-99175.77784153461,find,96216.09769311443,-47890,-95436,58468
structure,-118.1847253043203,-685,27448,12516.964788860292,-86965.70638009146,author,79046.08221049799,-54917,40078,93246
fire,585.1796413752807,506,-11135,89263.26338225,-82958.30222140398,aside,22024.384797065257,72303,-22572,69334
planindividual,-16.65428315832162,-600,94669,-56553.40504239725,-75430.2221923213,under,-77748.93810245625,-72641,-79229,7363
consistparallel,182.46627515281193,-147,-96894,20156.758041721783,-55173.73708894953,distant,-13090.794259446237,-25206,62671,69813
muscle,-390.5866723193112,821,84117,38365.61643038993,22930.284280557637,bendexplore,-42586.49578424512,31502,47757,4593
lovely,-550.1936712723349,772,43750,-23407.952331061213,83745.81785247981,bendexplore,-66915.20211568405,-87688,-42642,99822
jump,205.71793858610818,-778,19534,23847.23574118552,-92040.24029321317,why,30688.980985632195,61020,15419,69641
muscle,-852.0311097013137,-930,-88660,41806.610820447735,8591.247866106438,garden,62001.9770304237,-58590,-16838,39646
frozen,559.7821981147979,496,-22285,-21870.005763161753,68255.93501874575,beauty,-59841.57129431525,-42760,43090,99704
dry,-308.9946674256312,543,82996,-24502.61133110241,71771.39068038648,courage,-84149.04364418807,-55381,-26850,79780
upper,517.0959625988273,125,43631,4805.51091879078,-27038.01266788006,gave,-90661.89029112479,-89274,-70829,21101
anything,-444.51424205187004,0,65380,68298.62873794234,-16732.151790115808,acceptupward,-49906.096815057776,-11276,-74545,98401
service,-966.5940356354062,-328,6276,-20785.001256709962,69430.04898645877,being,-66364.98627527562,-86568,-41123,93923
husband,-49.70900524258832,729,45724,91144.04649660602,19970.37054877491,price,-73460.16145916465,-70605,-22773,71336